ticker,yahoo_symbol,cik,trap,active_from,active_to
AAPL,AAPL,,"4:1 split 2020; September FY",,
NVDA,NVDA,,"4:1 split 2021, 10:1 split 2024",,
WMT,WMT,,"3:1 split 2024; January FY end",,
GOOGL,GOOGL,,"20:1 split 2022; dual share classes",,
BRK.B,BRK-B,,"punctuation differs by source; class B shares",,
JPM,JPM,,"bank statement structure",,
MSFT,MSFT,,"June FY end",,
MCD,MCD,,"negative book equity",,
AMZN,AMZN,,"20:1 split 2022",,
TSLA,TSLA,,"5:1 split 2020, 3:1 split 2022; extreme volatility tests jump-detector false positives",2010-06-29,
META,META,,"ticker change FB to META 2022",2012-05-18,
COST,COST,,"52/53-week FY ending near Aug 31",,
HD,HD,,"52/53-week FY ending near Jan 31",,
O,O,,"REIT statement structure; one-letter ticker",,
XOM,XOM,,"energy / commodity cycle, macro overlay",,
CAT,CAT,,"industrial cyclical, macro overlay",,
CART,CART,,"IPO Sept 2023: series starts mid-history",2023-09-19,
ATVI,ATVI,,"acquired by Microsoft Oct 2023: dead ticker, survivorship test",,2023-10-12
